timer1_elapsedAll_ms,
263.675,
273.675,
283.676,
293.689,
303.676,
313.68,
323.677,
333.676,
343.673,
353.676,
363.684,
373.684,
383.685,
393.688,
403.685,
413.684,
423.685,
433.684,
443.685,
453.684,
463.685,
473.684,
483.685,
493.692,
503.685,
513.684,
523.685,
533.684,
543.685,
553.684,
563.686,
573.685,
583.694,
593.695,
603.688,
613.687,
623.685,
633.691,
643.694,
653.669,
663.671,
673.688,
683.678,
693.683,
703.694,
713.686,
723.691,
733.684,
743.686,
753.685,
763.696,
773.686,
783.676,
793.669,
803.679,
813.692,
823.69,
833.697,
843.698,
853.688,
863.693,
873.687,
883.693,
893.689,
903.692,
913.688,
923.676,
933.687,
943.706,
953.707,
963.688,
973.695,
983.706,
993.7,
1003.69,
1013.69,
1023.69,
1033.69,
1043.68,
1053.68,
1063.68,
1073.7,
1083.69,
1093.7,
1103.71,
1113.69,
1123.69,
1133.69,
1143.68,
1153.68,
1163.69,
1173.68,
1183.68,
1193.7,
1203.69,
1213.69,
1223.69,
1233.69,
1243.7,
1253.7,
1263.69,
1273.7,
1283.7,
1293.7,
1303.69,
1313.69,
1323.69,
1333.69,
1343.69,
1353.69,
1363.69,
1373.71,
1383.7,
1393.69,
1403.7,
1413.69,
1423.7,
1433.68,
1443.67,
1453.67,
1463.67,
1473.67,
1483.67,
1493.67,
1503.7,
1512.75,
1522.77,
1532.74,
1543.72,
1553.7,
1563.68,
1573.67,
1583.68,
1593.67,
1603.67,
1613.67,
1623.67,
1633.67,
1643.68,
1653.69,
1663.68,
1673.67,
1683.67,
1693.67,
1703.68,
1713.67,
1723.67,
1733.69,
1743.67,
1753.69,
1763.67,
1773.67,
1783.67,
1793.68,
1803.67,
1813.67,
1823.67,
1833.67,
1843.69,
1853.67,
1863.68,
1873.68,
1883.67,
1893.68,
1903.68,
1913.67,
1923.66,
1933.67,
1943.67,
1953.67,
1963.67,
1973.71,
1982.75,
1992.84,
2002.84,
2012.84,
2022.85,
2032.84,
2042.83,
2052.84,
2062.8,
2072.85,
2082.8,
2092.85,
2102.78,
2112.76,
2122.85,
2132.84,
2142.89,
2152.81,
2162.85,
2172.83,
2182.84,
2192.79,
2202.77,
2212.83,
2222.83,
2232.85,
2242.77,
2252.83,
2262.81,
2272.79,
2282.84,
2292.79,
2302.76,
2312.81,
2322.77,
2332.82,
2342.86,
2352.76,
2363.74,
2373.71,
2383.71,
2393.72,
2403.69,
2413.68,
2423.68,
2433.68,
2443.68,
2453.67,
2463.66,
2473.66,
2483.66,
2493.66,
2503.67,
2513.67,
2523.66,
2533.66,
2543.68,
2553.66,
2563.67,
2573.67,
2583.67,
2593.66,
2603.67,
2613.66,
2623.66,
2633.66,
2643.66,
2653.68,
2663.68,
2673.67,
2683.67,
2693.67,
2703.67,
2713.66,
2723.66,
2733.67,
2743.66,
2753.67,
2763.67,
2773.67,
2783.67,
2793.67,
2803.68,
2813.67,
2823.67,
2833.68,
2843.73,
2852.81,
2862.84,
2872.83,
2882.79,
2892.84,
2902.82,
2912.85,
2922.89,
2932.87,
2942.76,
2952.85,
2962.93,
2972.77,
2982.86,
2992.78,
3002.78,
3012.79,
3022.8,
3032.86,
3042.85,
3052.89,
3062.87,
3072.85,
3082.87,
3092.85,
3102.82,
3112.87,
3122.83,
3132.85,
3142.84,
3152.94,
3162.9,
3172.94,
3182.9,
3192.88,
3202.84,
3212.89,
3222.77,
3232.77,
3242.8,
3253.73,
3263.7,
3273.68,
3283.67,
3293.67,
3303.66,
3313.67,
3323.67,
3333.67,
3343.67,
3353.66,
3363.66,
3373.66,
3383.66,
3393.66,
3403.66,
3413.66,
3423.66,
3433.66,
3443.68,
3453.66,
3463.68,
3473.7,
3483.69,
3493.69,
3503.69,
3513.69,
3523.68,
3533.68,
3543.68,
3553.68,
3563.69,
3573.68,
3582.78,
3592.91,
3602.88,
3612.89,
3622.96,
3632.86,
3642.86,
3652.85,
3662.93,
3672.81,
3682.89,
3692.92,
3702.85,
3712.85,
3722.86,
3732.9,
3742.89,
3752.92,
3762.85,
3772.76,
3782.9,
3792.82,
3802.82,
3812.77,
3822.83,
3832.9,
3842.89,
3852.91,
3862.91,
3872.81,
3882.89,
3892.83,
3902.85,
3912.89,
3922.8,
3932.79,
3942.75,
3953.73,
3963.7,
3973.69,
3983.68,
3993.69,
4003.71,
4013.69,
4023.69,
4033.69,
4043.69,
4053.7,
4063.68,
4073.69,
4083.68,
4093.69,
4103.69,
4113.69,
4123.69,
4133.69,
4143.69,
4153.68,
4163.68,
4173.68,
4183.68,
4193.68,
4203.67,
4213.67,
4223.68,
4233.68,
4243.68,
4253.68,
4263.68,
4273.68,
4283.69,
4293.7,
4303.68,
4313.68,
4323.68,
4333.68,
4343.76,
4352.78,
4362.89,
4372.87,
4382.87,
4392.85,
4402.83,
4412.88,
4422.94,
4432.89,
4442.85,
4452.87,
4462.87,
4472.88,
4482.86,
4492.87,
4502.86,
4512.8,
4522.82,
4532.83,
4542.82,
4552.87,
4562.86,
4572.85,
4582.88,
4592.83,
4602.79,
4612.79,
4622.78,
4632.83,
4642.79,
4652.82,
4662.77,
4673.72,
4683.7,
4693.7,
4703.69,
4713.69,
4723.7,
4733.68,
4743.69,
4753.68,
4763.68,
4773.67,
4783.68,
4793.69,
4803.67,
4813.67,
4823.67,
4833.67,
4843.67,
4853.67,
4863.67,
4873.67,
4883.67,
4893.67,
4903.69,
4913.73,
4922.8,
4932.86,
4942.86,
4952.86,
4962.86,
4972.89,
4982.89,
4992.9,
5002.93,
5012.87,
5022.85,
5032.89,
5042.88,
5052.91,
5062.95,
5072.87,
5082.96,
5092.91,
5102.98,
5112.9,
5123.02,
5132.94,
5142.94,
5152.89,
5162.88,
5172.91,
5182.89,
5192.93,
5202.87,
5212.84,
5222.78,
5233.74,
5243.71,
5253.7,
5263.68,
5273.69,
5283.69,
5293.69,
5303.69,
5313.69,
5323.69,
5333.69,
5343.69,
5353.69,
5363.69,
5373.69,
5383.69,
5393.69,
5403.69,
5413.68,
5423.68,
5432.69,
5442.69,
5452.69,
5463.7,
5472.69,
5482.7,
5493.7,
5503.68,
5512.69,
5522.7,
5533.69,
5543.69,
5552.69,
5562.69,
5573.69,
5583.7,
5592.73,
5602.75,
5613.71,
5623.7,
5633.68,
5642.7,
5652.72,
5661.76,
5671.74,
5682.71,
5692.73,
5701.83,
5712.54,
5721.71,
5732.74,
5742.72,
5752.75,
5763.71,
5771.76,
5781.71,
5792.72,
5802.74,
5811.74,
5821.74,
5831.72,
5842.73,
5852.7,
5862.72,
5871.72,
5882.7,
5892.71,
5901.74,
5911.68,
5922.67,
5932.73,
5941.76,
5952.35,
5962.73,
5972.74,
5981.74,
5992.7,
6002.68,
6012.69,
6022.7,
6031.69,
6041.69,
6052.69,
6062.69,
6071.7,
6081.69,
6092.7,
6102.68,
6112.71,
6122.69,
6132.7,
6142.69,
6151.7,
6163.69,
6171.7,
6182.71,
6192.69,
6202.78,
6213.7,
6222.69,
6232.69,
6242.69,
6253.69,
6263.69,
6272.69,
6282.69,
6293.69,
6303.7,
6312.69,
6322.69,
6332.69,
6341.7,
6353.69,
6362.69,
6372.68,
6381.68,
6391.71,
6402.68,
6412.7,
6422.76,
6432.02,
6442.09,
6452.72,
6462.73,
6472.72,
6481.75,
6491.72,
6502.74,
6512.71,
6522.78,
6531.72,
6542.72,
6552.78,
6562.76,
6571.73,
6582.71,
6592.75,
6602.74,
6611.76,
6621.72,
6632.71,
6642.69,
6653.7,
6661.7,
6671.73,
6682.74,
6692.71,
6701.73,
6711.72,
6722.7,
6732.71,
6743.7,
6753.69,
6762.69,
6772.69,
6782.7,
6792.7,
6802.7,
6812.71,
6822.7,
6831.71,
6841.69,
6852.7,
6862.69,
6872.7,
6882.69,
6892.69,
6902.69,
6913.69,
6922.69,
6932.69,
6942.69,
6952.69,
6963.69,
6971.69,
6982.69,
6990.81,
7001.72,
7011.75,
7021.72,
7032.77,
7042.7,
7051.71,
7061.7,
7072.69,
7082.69,
7092.69,
7103.69,
7112.72,
7122.7,
7132.72,
7141.7,
7151.7,
7161.72,
7171.23,
7180.1,
7192.71,
7201.72,
7212.77,
7222.69,
7232.7,
7241.71,
7251.75,
7261.75,
7272.71,
7282.72,
7291.71,
7302.7,
7313.71,
7322.75,
7332.74,
7341.71,
7352.7,
7362.69,
7373.69,
7382.7,
7391.22,
7402.73,
7412.71,
7421.72,
7431.71,
7442.72,
7452.72,
7463.7,
7473.69,
7482.73,
7492.72,
7503.69,
7513.69,
7522.67,
7532.68,
7542.67,
7551.7,
7563.68,
7572.7,
7582.69,
7591.7,
7601.69,
7612.69,
7622.71,
7633.69,
7642.69,
7652.69,
7662.69,
7673.69,
7683.69,
7692.69,
7702.69,
7713.69,
7723.69,
7732.69,
7742.69,
7752.76,
7761.75,
7772.75,
7782.77,
7792.73,
7801.71,
7811.73,
7822.69,
7832.73,
7841.21,
7851.72,
7861.76,
7871.22,
7882.71,
7892.7,
7901.77,
7911.73,
7922.71,
7932.72,
7941.77,
7951.98,
7962.73,
7972.71,
7982.73,
7991.73,
8001.75,
8012.77,
8022.71,
8031.73,
8043.71,
8052.72,
8062.69,
8073.7,
8081.75,
8091.12,
8102.7,
8112.73,
8121.72,
8131.73,
8142.7,
8152.75,
8161.73,
8171.75,
8182.72,
8192.72,
8203.7,
8211.72,
8222.77,
8232.7,
8242.7,
8253.69,
8262.7,
8272.68,
8282.68,
8293.7,
8303.69,
8312.71,
8322.7,
8333.69,
8343.69,
8352.68,
8362.69,
8373.69,
8383.69,
8392.69,
8402.68,
8413.69,
8423.7,
8432.69,
8442.68,
8453.69,
8461.75,
8472.7,
8482.68,
8493.68,
8503.68,
8512.69,
8522.69,
8533.69,
8543.69,
8552.68,
8562.7,
8573.68,
8583.68,
8592.67,
8602.68,
8613.68,
8623.69,
8632.69,
8642.69,
8652.73,
8661.74,
8671.73,
8682.74,
8692.72,
8702.71,
8711.75,
8721.72,
8732.72,
8742.78,
8752.72,
8761.73,
8771.74,
8782.74,
8792.71,
8802.71,
8811.71,
8821.74,
8832.76,
8842.73,
8852.7,
8861.73,
8871.72,
8882.72,
8892.71,
8902.71,
8911.75,
8921.72,
8931.71,
8942.71,
8952.71,
8963.69,
8973.69,
8982.69,
8992.69,
9002.69,
9012.7,
9022.69,
9032.69,
9042.7,
9053.69,
9062.69,
9072.69,
9083.69,
9093.69,
9102.7,
9112.69,
9123.7,
9133.7,
9142.69,
9152.69,
9163.69,
9172.69,
9182.69,
9192.69,
9203.69,
9213.69,
9222.7,
9232.69,
9241.69,
9251.71,
9262.69,
9272.69,
9281.69,
9291.72,
9302.75,
9312.72,
9322.71,
9331.75,
9341.72,
9352.72,
9362.78,
9372.7,
9381.73,
9391.74,
9402.75,
9412.71,
9421.97,
9432.1,
9442.72,
9452.75,
9462.73,
9472.69,
9482.16,
9492.71,
9502.71,
9511.79,
9521.73,
9532.72,
9542.75,
9552.71,
9561.71,
9572.75,
9582.8,
9592.71,
9601.7,
9613.69,
9622.69,
9632.69,
9642.69,
9653.69,
9663.69,
9672.69,
9682.69,
9693.69,
9703.69,
9712.69,
9722.69,
9733.69,
9743.7,
9752.69,
9762.69,
9772.69,
9783.69,
9793.69,
9802.69,
9812.69,
9823.69,
9832.69,
9842.69,
9852.69,
9862.69,
9872.69,
9882.69,
9892.69,
9902.69,
9913.69,
9923.69,
9932.69,
9942.69,
9953.69,
9963.7,
9972.69,
9982.69,
9993.69,
10003.7,
10012.7,
10022.7,
10032.7,
10041.7,
10051.7,
10062.7,
10072.7,
10083.7,
10093.7,
10102.7,
10112.7,
10122.7,
10133.7,
10141.8,
10152.7,
10162.7,
10173.7,
10181.7,
10191.8,
10202.7,
10212.7,
10221.7,
10231.7,
10242.7,
10252.7,
10262.7,
10271.7,
10282.7,
10292.7,
10302.7,
10311.8,
10322.7,
10332.7,
10342.7,
10351.7,
10363.7,
10372.7,
10382.7,
10391.7,
10403.7,
10412.7,
10422.7,
10432.7,
10441.7,
10451.5,
10462.7,
10472.7,
10481.8,
10491.8,
10501.6,
10512.7,
10522.7,
10531.8,
10542.8,
10552.7,
10562.7,
10571.7,
10583.7,
10592.7,
10602.7,
10612.7,
10623.7,
10632.7,
10642.7,
10651.7,
10661.7,
10672.7,
10682.7,
10693.7,
10702.7,
10712.7,
10722.7,
10733.7,
10743.7,
10752.7,
10762.7,
10773.7,
10783.7,
10792.7,
10802.7,
10812.7,
10822.7,
10832.7,
10842.7,
10853.7,
10862.7,
10872.7,
10882.7,
10892.7,
10903.7,
10913.7,
10922.7,
10932.7,
10942.7,
10951.7,
10961.7,
10972.7,
10982.7,
10993.7,
11003.7,
11012.7,
11022.7,
11033.7,
11043.7,
11052.7,
11062.7,
11071.7,
11083.7,
11092.7,
11102.7,
11112.7,
11121.7,
11132.2,
11142.7,
11152.7,
11161.8,
11171.7,
11182.7,
11192.7,
11202.7,
11211.7,
11223.7,
11232.7,
11242.7,
11251.7,
11261.7,
11271.5,
11282.7,
11292.7,
11301.7,
11311.7,
11321.7,
11332.7,
11342.7,
11351.7,
11361.7,
11371.4,
11382.7,
11392.7,
11401.7,
11411.7,
11422.7,
11432.7,
11441.7,
11451.7,
11461.7,
11472.7,
11482.7,
11491.7,
11503.7,
11512.7,
11522.7,
11531.7,
11541.7,
11552.7,
11562.7,
11572.7,
11583.7,
11593.7,
11602.7,
11612.7,
11623.7,
11633.7,
11642.7,
11652.7,
11662.7,
11673.7,
11681.7,
11692.7,
11702.7,
11711.7,
11723.7,
11732.7,
11742.7,
11752.7,
11763.7,
11772.7,
11782.7,
11792.7,
11803.7,
11813.7,
11822.7,
11832.7,
11843.7,
11851.7,
11862.7,
11872.7,
11881.7,
11891.7,
11902.7,
11912.7,
11921.7,
11933.7,
11942.7,
11952.7,
11963.7,
11973.7,
11982.7,
11992.7,
12001.7,
12011.8,
12021.7,
12032.7,
12042.7,
12051.7,
12061.7,
12072.7,
12082.7,
12091.7,
12101.8,
12112.7,
12122.7,
12132.7,
12141.8,
12151.5,
12162.7,
12172.7,
12181.7,
12193.7,
12202.7,
12212.7,
12221.7,
12231.8,
12241.9,
12252.7,
12262.7,
12271.7,
12281.8,
12292.7,
12302.7,
12312.7,
12321.7,
12331.7,
12342.7,
12352.7,
12362.7,
12372.7,
12382.7,
12392.7,
12402.7,
12411.8,
12423.7,
12432.7,
12442.7,
12452.7,
12462.7,
12472.7,
12482.7,
12492.7,
12501.7,
12511.7,
12523.7,
12532.7,
12542.7,
12553.7,
12562.7,
12573.7,
12583.7,
12593.7,
12602.7,
12612.7,
12623.7,
12633.7,
12643.7,
12653.7,
12662.7,
12673.7,
12682.7,
12693.7,
12702.7,
12712.7,
12723.7,
12732.7,
12743.7,
12753.7,
12763.7,
12772.7,
12783.7,
12792.7,
12801.7,
12811.8,
12822.8,
12830.8,
12842.8,
12852.8,
12862.2,
12872.8,
12882.8,
12892.8,
12901.8,
12911.7,
12922.8,
12932.8,
12941.7,
12951.8,
12962.7,
12972.7,
12982.7,
12991.7,
13001.7,
13013.7,
13022.8,
13032.8,
13042.8,
13052.8,
13062.8,
13072.8,
13082.8,
13092.8,
13102.8,
13112.8,
13122.8,
13132.8,
13143.7,
13153.7,
13163.7,
13173.7,
13183.7,
13193.7,
13203.7,
13213.7,
13223.7,
13233.7,
13243.7,
13253.7,
13263.7,
13273.7,
13283.7,
13293.7,
13303.7,
13313.7,
13323.7,
13333.7,
13343.7,
13353.7,
13363.7,
13373.7,
13383.7,
13393.7,
13403.7,
13413.7,
13423.7,
13433.7,
13443.7,
13453.7,
13463.7,
13473.7,
13483.7,
13493.7,
13503.7,
13513.7,
13523.7,
13533.7,
13543.7,
13553.7,
13563.7,
13573.7,
13583.7,
13592.8,
13602.8,
13612.8,
13622.8,
13632.9,
13642.8,
13652.9,
13662.9,
13672.8,
13683,
13692.8,
13703,
13712.8,
13722.8,
13732.8,
13742.8,
13752.9,
13762.9,
13772.9,
13782.8,
13792.8,
13802.8,
13812.8,
13822.8,
13832.8,
13842.8,
13852.8,
13862.8,
13872.8,
13883.7,
13893.7,
13903.7,
13913.7,
13923.7,
13933.7,
13943.7,
13953.7,
13963.7,
13973.7,
13983.7,
13993.7,
14003.7,
14013.7,
14023.7,
14033.7,
14043.7,
14053.7,
14063.7,
14073.7,
14083.7,
14093.7,
14103.7,
14113.7,
14123.7,
14133.7,
14143.7,
14153.7,
14163.7,
14173.7,
14183.7,
14193.7,
14203.7,
14213.7,
14223.7,
14232.8,
14242.9,
14252.8,
14262.8,
14272.9,
14282.9,
14292.9,
14302.9,
14312.9,
14322.9,
14332.9,
14342.9,
14352.8,
14362.8,
14372.8,
14382.8,
14392.8,
14402.8,
14412.8,
14422.8,
14432.8,
14442.8,
14452.8,
14462.8,
14472.8,
14482.8,
14492.9,
14502.9,
14512.8,
14522.8,
14532.8,
14542.9,
14552.9,
14562.9,
14572.9,
14582.8,
14592.9,
14602.9,
14612.9,
14622.8,
14632.8,
14642.8,
14653.7,
14663.7,
14673.7,
14683.7,
14693.7,
14703.7,
14713.7,
14723.7,
14733.7,
14743.7,
14753.7,
14763.7,
14773.7,
14783.7,
14793.7,
14803.7,
14813.7,
14823.7,
14833.7,
14843.7,
14853.7,
14863.7,
14873.7,
14883.7,
14893.7,
14903.7,
14913.7,
14923.7,
14933.7,
14943.7,
14953.7,
14963.7,
14973.7,
14983.7,
14993.7,
15003.7,
15013.7,
15023.7,
15033.7,
15043.7,
15053.7,
15063.7,
15073.7,
15083.7,
15093.7,
15103.7,
15113.7,
15123.7,
15133.7,
15143.7,
15153.7,
15163.7,
15173.7,
15183.7,
15193.7,
15203.7,
15213.7,
15223.7,
15233.7,
15243.7,
15253.7,
15263.7,
15273.7,
15283.7,
15293.7,
15303.7,
15313.7,
15323.7,
15333.7,
15343.7,
15353.7,
15363.7,
15373.7,
15383.7,
15393.7,
15403.7,
15413.7,
15423.7,
15433.7,
15443.7,
15453.7,
15463.7,
15473.7,
15483.7,
15493.7,
15503.7,
15513.7,
15523.7,
15533.7,
15543.7,
15553.7,
15563.7,
15573.7,
15583.7,
15593.7,
15603.7,
15613.7,
15623.7,
15633.7,
15643.7,
15653.7,
15663.7,
15673.7,
15683.7,
15693.7,
15703.7,
15713.7,
15723.7,
15733.7,
15743.7,
15753.7,
15763.7,
15773.7,
15783.7,
15793.7,
15803.7,
15813.7,
15823.7,
15833.7,
15843.7,
15853.7,
15863.7,
15873.7,
15883.7,
15893.7,
15903.7,
15913.7,
15923.7,
15933.7,
15943.7,
15953.7,
15963.7,
15973.7,
15983.7,
15993.7,
16003.7,
16013.7,
16023.7,
16033.7,
16043.7,
16053.7,
16063.7,
16073.7,
16083.7,
16093.7,
16103.7,
16113.7,
16123.7,
16133.7,
16143.7,
16153.7,
16163.7,
16173.7,
16183.7,
16193.7,
16203.7,
16213.7,
16223.7,
16233.7,
16243.7,
16253.7,
16263.7,
16273.7,
16283.7,
16293.7,
16303.7,
16313.7,
16323.7,
16333.7,
16343.7,
16353.7,
16363.7,
16373.7,
16383.7,
16393.7,
16403.7,
16413.7,
16423.7,
16433.7,
16443.7,
16453.7,
16463.7,
16473.7,
16483.7,
16493.7,
16503.7,
16513.7,
16523.7,
16533.7,
16543.7,
16553.7,
16563.7,
16573.7,
16583.7,
16593.7,
16603.7,
16613.7,
16623.7,
16633.7,
16643.7,
16653.7,
16663.7,
16673.7,
16683.7,
16693.7,
16703.7,
16713.7,
16723.7,
16733.7,
16743.7,
16753.7,
16763.7,
16773.7,
16783.7,
16793.7,
16803.7,
16813.7,
16823.7,
16833.7,
16843.7,
16853.7,
16863.7,
16873.7,
16883.7,
16893.7,
16903.7,
16913.7,
16923.7,
16933.7,
16943.7,
16953.7,
16963.7,
16973.7,
16983.7,
16993.7,
17003.7,
17013.7,
17023.7,
17033.7,
17043.7,
17053.7,
17063.7,
17073.7,
17083.7,
17093.7,
17103.7,
17113.7,
17123.7,
17133.7,
17143.7,
17153.7,
17163.7,
17173.7,
17183.7,
17193.7,
17203.7,
17213.7,
17223.7,
17233.7,
17243.7,
17253.7,
17263.7,
17273.7,
17283.7,
17293.7,
17303.7,
17313.7,
17323.7,
17333.7,
17343.7,
17353.7,
17363.7,
17373.7,
17383.7,
17393.7,
17403.7,
17413.7,
17423.7,
17433.7,
17443.7,
17453.7,
17463.7,
17473.7,
17483.7,
17493.7,
17503.7,
17513.7,
17523.7,
17533.7,
17543.7,
17553.7,
17563.7,
17573.7,
17583.7,
17593.7,
17603.7,
17613.7,
17623.7,
17633.7,
17643.7,
17653.7,
17663.7,
17673.7,
17683.7,
17693.7,
17703.7,
17713.7,
17723.7,
17733.7,
17743.7,
17753.7,
17763.7,
17773.7,
17783.7,
17793.7,
17803.7,
17813.7,
17823.7,
17833.7,
17843.7,
17853.7,
17863.7,
17873.7,
17883.7,
17893.7,
17903.7,
17913.7,
17923.7,
17933.7,
17943.7,
17953.7,
17963.7,
17973.7,
17983.7,
17993.7,
18003.7,
18013.7,
18023.7,
18033.7,
18043.7,
18053.7,
18063.7,
18073.7,
18083.7,
18093.7,
18103.7,
18113.7,
18123.7,
18133.7,
18143.7,
18153.7,
18163.7,
18173.7,
18183.7,
18193.7,
18203.7,
18213.7,
18223.7,
18233.7,
18243.7,
18253.7,
18263.7,
18273.7,
18283.7,
18293.7,
18303.7,
18313.7,
18323.7,
18333.7,
18343.7,
18353.7,
18363.7,
18373.7,
18383.7,
18393.7,
18403.7,
18413.7,
18423.7,
18433.7,
18443.7,
18453.7,
18463.7,
18473.7,
18483.7,
18493.7,
18503.7,
18513.7,
18523.7,
18533.7,
18543.7,
18553.7,
18563.7,
18573.7,
18583.7,
18593.7,
18603.7,
18613.7,
18623.7,
18633.7,
18643.7,
18653.7,
18663.7,
18673.7,
18683.7,
18693.7,
18703.7,
18713.7,
18723.7,
18733.7,
18743.7,
18753.7,
18763.7,
18773.7,
18783.7,
18793.7,
18803.7,
18813.7,
18823.7,
18833.7,
18843.7,
18853.7,
18863.7,
18873.7,
18883.7,
18893.7,
18903.7,
18913.7,
18923.7,
18933.7,
18943.7,
18953.7,
18963.7,
18973.7,
18983.7,
18993.7,
19003.7,
19013.7,
19023.7,
19033.7,
19043.7,
19053.7,
19063.7,
19073.7,
19083.7,
19093.7,
19103.7,
19113.7,
19123.7,
19133.7,
19143.7,
19153.7,
19163.7,
19173.7,
19183.7,
19193.7,
19203.7,
19213.7,
19223.7,
19233.7,
19243.7,
19253.7,
19263.7,
19273.7,
19283.7,
19293.7,
19303.7,
19313.7,
19323.7,
19333.7,
19343.7,
19353.7,
19363.7,
19373.7,
19383.7,
19393.7,
19403.7,
19413.7,
19423.7,
19433.7,
19443.7,
19453.7,
19463.7,
19473.7,
19483.7,
19492.8,
19502.8,
19513.8,
19523.8,
19533.7,
19542.8,
19552.8,
19562.8,
19572.8,
19583.7,
19593.7,
19602.8,
19612.8,
19623.7,
19633.7,
19643.7,
19653.7,
19663.7,
19673.7,
19683.7,
19693.7,
19703.7,
19713.7,
19723.7,
19733.7,
19743.7,
19753.7,
19763.7,
19773.7,
19783.7,
19793.7,
19803.7,
19813.7,
19823.7,
19833.7,
19843.7,
19853.7,
19863.7,
19873.7,
19883.7,
19893.7,
19903.7,
19913.7,
19923.7,
19933.7,
19943.7,
19953.7,
19963.7,
19973.7,
19983.7,
19993.7,
20003.7,
20013.7,
20023.7,
20033.7,
20043.7,
20053.7,
20063.7,
20073.7,
20083.7,
20093.7,
20103.7,
20113.7,
20123.7,
20133.7,
20143.7,
20153.7,
20163.7,
20173.7,
20183.7,
20193.7,
20203.7,
20213.7,
20223.7,
20233.7,
20243.7,
20253.7,
20263.7,
20273.7,
20283.7,
20293.7,
20303.7,
20313.7,
20323.7,
20333.7,
20343.7,
20353.7,
20363.7,
20373.7,
20383.7,
20393.7,
20403.7,
20413.7,
20423.7,
20433.7,
20443.7,
20453.7,
20463.7,
20473.7,
20483.7,
20493.7,
20503.7,
20513.7,
20523.7,
20533.7,
20543.7,
20553.7,
20563.7,
20573.7,
20583.7,
20593.7,
20603.7,
20613.7,
20623.7,
20633.7,
20643.7,
20653.7,
20663.7,
20673.7,
20683.7,
20693.7,
20703.7,
20713.7,
20723.7,
20733.7,
20743.7,
20753.7,
20763.7,
20773.7,
20783.7,
20793.7,
20803.7,
20813.7,
20823.7,
20833.7,
20843.7,
20853.7,
20863.7,
20873.7,
20883.7,
20893.7,
20903.7,
20913.7,
20923.7,
20933.7,
20943.7,
20953.7,
20963.7,
20973.7,
20983.7,
20993.7,
21003.7,
21013.7,
21023.7,
21033.7,
21043.7,
21053.7,
21063.7,
21073.7,
21083.7,
21093.7,
21103.7,
21113.7,
21123.7,
21133.7,
21143.7,
21153.7,
21163.7,
21173.7,
21183.7,
21193.7,
21203.7,
21213.7,
21223.7,
21233.7,
21243.7,
21253.7,
21263.7,
21273.7,
21283.7,
21293.7,
21303.7,
21313.7,
21323.7,
21333.7,
21343.7,
21353.7,
21363.7,
21373.7,
21383.7,
21393.7,
21403.7,
21413.7,
21423.7,
21433.7,
21443.7,
21453.7,
21463.7,
21473.7,
21483.7,
21493.7,
21503.7,
21513.7,
21523.7,
21533.7,
21543.7,
21553.7,
21563.7,
21573.7,
21583.7,
21593.7,
21603.7,
21613.7,
21623.7,
21633.7,
21643.7,
21653.7,
21663.7,
21673.7,
21683.7,
21693.7,
21703.7,
21713.7,
21723.7,
21733.7,
21743.7,
21753.7,
21763.7,
21773.7,
21783.7,
21793.7,
21803.7,
21813.7,
21823.7,
21833.7,
21843.7,
21853.7,
21863.7,
21873.7,
21883.7,
21893.7,
21903.7,
21913.7,
21923.7,
21933.7,
21943.7,
21953.7,
21963.7,
21973.7,
21983.7,
21993.7,
22003.7,
22013.7,
22023.7,
22033.7,
22043.7,
22053.7,
22063.7,
22073.7,
22083.7,
22093.7,
22103.7,
22113.7,
22123.7,
22133.7,
22143.7,
22153.7,
22163.7,
22173.7,
22183.7,
22193.7,
22203.7,
22213.7,
22223.7,
22233.7,
22243.7,
22253.7,
22263.7,
22273.7,
22283.7,
22293.7,
22303.7,
22313.7,
22323.7,
22333.7,
22343.7,
22353.7,
22363.7,
22373.7,
22383.7,
22393.7,
22403.7,
22413.7,
22423.7,
22433.7,
22443.7,
22453.7,
22463.7,
22473.7,
22483.7,
22493.7,
22503.7,
22513.7,
22523.7,
22533.7,
22543.7,
22553.7,
22563.7,
22573.7,
22583.7,
22593.7,
22603.7,
22613.7,
22623.7,
22633.7,
22643.7,
22653.7,
22663.7,
22673.7,
22683.7,
22693.7,
22703.7,
22713.7,
22723.7,
22733.7,
22743.7,
22753.7,
22763.7,
22773.7,
22783.7,
22793.7,
22803.7,
22813.7,
22823.7,
22833.7,
22843.7,
22853.7,
22863.7,
22873.7,
22883.7,
22893.7,
22903.7,
22913.7,
22923.7,
22933.7,
22943.7,
22953.7,
22963.7,
22973.7,
22983.7,
22993.7,
23003.7,
23013.7,
23023.7,
23033.7,
23043.7,
23053.7,
23063.7,
23073.7,
23083.7,
23093.7,
23103.7,
23113.7,
23123.7,
23133.7,
23143.7,
23153.7,
23163.7,
23173.7,
23183.7,
23193.7,
23203.7,
23213.7,
23223.7,
23233.7,
23243.7,
23253.7,
23263.7,
23273.7,
23283.7,
23293.7,
23303.7,
23313.7,
23323.7,
23333.7,
23343.7,
23353.7,
23363.7,
23373.7,
23383.7,
23393.7,
23403.7,
23413.7,
23423.7,
23433.7,
23443.7,
23453.7,
23463.7,
23473.7,
23482.8,
23493.7,
23503.7,
23513.7,
23523.7,
23533.7,
23543.7,
23553.7,
23563.7,
23573.7,
23583.7,
23593.7,
23603.7,
23613.7,
23623.7,
23633.7,
23643.7,
23653.7,
23663.7,
23673.7,
23683.7,
23693.7,
23703.7,
23713.7,
23723.7,
23733.7,
23743.7,
23753.7,
23763.7,
23773.7,
23783.7,
23793.7,
23803.7,
23813.7,
23823.7,
23833.7,
23843.7,
23853.7,
23863.7,
23873.7,
23883.7,
23893.7,
23903.7,
23913.7,
23923.7,
23933.7,
23943.7,
23953.7,
23963.7,
23973.7,
23983.7,
23993.7,
24003.7,
24013.7,
24023.7,
24033.7,
24043.7,
24053.7,
24063.7,
24073.7,
24083.7,
24093.7,
24103.7,
24113.7,
24123.7,
24133.7,
24143.7,
24153.7,
24163.7,
24173.7,
24183.7,
24193.7,
24203.7,
24213.7,
24223.7,
24233.7,
24243.7,
24253.7,
24263.7,
24273.7,
24283.7,
24293.7,
24303.7,
24313.7,
24323.7,
24333.7,
24343.7,
24353.7,
24363.7,
24373.7,
24383.7,
24393.7,
24403.7,
24413.7,
24423.7,
24433.7,
24443.7,
24453.7,
24463.7,
24473.7,
24483.7,
24493.7,
24503.7,
24513.7,
24523.7,
24533.7,
24543.7,
24553.7,
24563.7,
24573.7,
24583.7,
24593.7,
24603.7,
24613.7,
24623.7,
24633.7,
24643.7,
24653.7,
24663.7,
24673.7,
24683.7,
24693.7,
24703.7,
24713.7,
24723.7,
24733.7,
24743.7,
24753.7,
24763.7,
24773.7,
24783.7,
24793.7,
24803.7,
24813.7,
24823.7,
24832.8,
24842.8,
24852.9,
24862.9,
24872.8,
24883.7,
24893.7,
24903.7,
24913.7,
24923.7,
24933.7,
24943.7,
24953.7,
24963.7,
24973.7,
24983.7,
24993.7,
25003.7,
25013.7,
25023.7,
25033.7,
25043.7,
25053.7,
25063.7,
25073.7,
25083.7,
25093.7,
25103.7,
25113.7,
25123.7,
25133.7,
25143.7,
25153.7,
25163.7,
25173.7,
25183.7,
25193.7,
25203.7,
25213.7,
25223.7,
25233.7,
25243.7,
25253.7,
25263.7,
25273.7,
25283.7,
25293.7,
25303.7,
25313.7,
25323.7,
25333.7,
25343.7,
25353.7,
25363.7,
25373.7,
25383.7,
25393.7,
25403.7,
25413.7,
25423.7,
25433.7,
25443.7,
25453.7,
25463.7,
25473.7,
25483.7,
25493.7,
25503.7,
25513.7,
25523.7,
25533.7,
25543.7,
25553.7,
25563.7,
25573.7,
25583.7,
25593.7,
25603.7,
25613.7,
25623.7,
25633.7,
25643.7,
25653.7,
25663.7,
25673.7,
25683.7,
25693.7,
25703.7,
25713.7,
25723.7,
25733.7,
25743.7,
25753.7,
25763.7,
25773.7,
25783.7,
25793.7,
25803.7,
25813.7,
25823.7,
25833.7,
25843.7,
25853.7,
25863.7,
25873.7,
25883.7,
25893.7,
25902.7,
25912.7,
25923.7,
25933.7,
25942.7,
25952.7,
25963.7,
25973.7,
25982.7,
25992.7,
26003.7,
26013.7,
26022.7,
26032.7,
26043.7,
26051.7,
26062.7,
26072.7,
26082.7,
26093.7,
26102.7,
26112.7,
26122.7,
26132.7,
26143.7,
26152.7,
26162.7,
26172.7,
26183.7,
26193.7,
26202.7,
26212.7,
26223.7,
26233.7,
26242.7,
26252.7,
26263.7,
26273.7,
26282.7,
26292.7,
26303.7,
26313.7,
26322.7,
26332.7,
26343.7,
26353.7,
26362.7,
26372.7,
26383.7,
26391.7,
26402.7,
26412.7,
26423.7,
26433.7,
26442.7,
26452.7,
26463.7,
26473.7,
26482.7,
26492.7,
26502.7,
26513.7,
26522.7,
26532.7,
26542.7,
26553.7,
26563.7,
26572.7,
26582.7,
26593.7,
26601.7,
26612.7,
26622.7,
26633.7,
26643.7,
26653.7,
26662.8,
26673.7,
26683.7,
26693.7,
26702.7,
26712.7,
26722.7,
26732.7,
26742.7,
26752.7,
26762.7,
26772.7,
26783.7,
26792.7,
26802.7,
26812.7,
26823.7,
26832.7,
26842.7,
26852.7,
26863.7,
26872.7,
26882.7,
26892.7,
26903.7,
26912.7,
26922.7,
26932.7,
26943.7,
26953.7,
26962.7,
26972.7,
26982.7,
26993.7,
27002.7,
27012.7,
27022.7,
27033.7,
27042.7,
27052.7,
27062.7,
27073.7,
27082.7,
27092.7,
27102.7,
27111.7,
27121.7,
27132.7,
27142.7,
27153.7,
27162.7,
27172.7,
27182.7,
27193.7,
27202.7,
27212.7,
27222.7,
27233.7,
27242.7,
27252.7,
27262.7,
27273.7,
27281.7,
27292.7,
27302.7,
27313.7,
27322.7,
27332.7,
27342.7,
27352.8,
27361.7,
27372.7,
27382.7,
27392.7,
27402.7,
27412.7,
27422.7,
27433.7,
27442.7,
27452.7,
27462.7,
27473.7,
27482.7,
27492.7,
27502.7,
27513.7,
27522.7,
27532.7,
27542.7,
27553.7,
27563.7,
27572.7,
27582.7,
27592.7,
27603.7,
27612.7,
27622.7,
27632.7,
27643.7,
27653.7,
27662.7,
27672.7,
27682.7,
27693.7,
27702.7,
27712.7,
27722.7,
27733.7,
27742.7,
27752.7,
27762.7,
27773.7,
27783.7,
27792.7,
27802.7,
27812.7,
27823.7,
27832.7,
27842.7,
27852.7,
27863.7,
27872.7,
27882.7,
27892.7,
27903.7,
27913.7,
27922.7,
27932.7,
27942.7,
27953.7,
27962.7,
27972.7,
27982.7,
27993.7,
28001.7,
28012.7,
28022.7,
28033.7,
28043.7,
28053.7,
28062.7,
28072.7,
28082.7,
28092.7,
28102.7,
28112.7,
28123.7,
28132.7,
28142.7,
28152.7,
28162.7,
28173.7,
28182.7,
28192.7,
28202.7,
28213.7,
28223.7,
28232.7,
28242.7,
28252.7,
28263.7,
28272.7,
28282.7,
28292.7,
28303.7,
28312.7,
28322.7,
28332.7,
28343.7,
28352.8,
28362.7,
28372.7,
28383.7,
28392.7,
28402.7,
28412.7,
28422.7,
28433.7,
28442.7,
28452.7,
28462.7,
28473.7,
28483.7,
28492.7,
28502.7,
28512.7,
28521.7,
28532.7,
28542.7,
28552.7,
28563.7,
28572.7,
28582.7,
28592.7,
28603.7,
28611.7,
28622.7,
28632.7,
28642.7,
28653.7,
28662.7,
28672.7,
28682.7,
28691.7,
28702.7,
28712.7,
28722.7,
28732.7,
28742.8,
28752.7,
28762.7,
28772.7,
28781.7,
28793.7,
28802.7,
28813.7,
28822.7,
28833.7,
28842.7,
28853.7,
28862.7,
28873.7,
28882.7,
28892.7,
28902.7,
28913.7,
28923.7,
28932.7,
28942.7,
28953.7,
28963.7,
28972.7,
28982.7,
28992.7,
29002.7,
29013.7,
29022.7,
29032.7,
29042.7,
29052.7,
29063.7,
29072.7,
29082.7,
29092.7,
29103.7,
29113.7,
29122.7,
29132.7,
29143.7,
29153.7,
29162.7,
29172.7,
29182.7,
29193.7,
29202.7,
29212.7,
29222.7,
29233.7,
29242.7,
29252.7,
29262.7,
29272.7,
29283.7,
29293.7,
29302.7,
29313.7,
29323.7,
29333.7,
29342.7,
29353.7,
29363.7,
29373.7,
29382.7,
29392.7,
29402.7,
29412.8,
29422.8,
29432.7,
29442.7,
29452.7,
29461.7,
29471.7,
29483.7,
29492.8,
29502.7,
29511.7,
29522.7,
29532.7,
29542.8,
29553.7,
29563.7,
29572.7,
29583.7,
29593.7,
29603.7,
29613.7,
29623.8,
29632.8,
29642.8,
29652.8,
29662.8,
29672.8,
29682.8,
29692.8,
29702.7,
29712.8,
29722.8,
29733.8,
29743.7,
29753.7,
29763.7,
29773.7,
29783.7,
29793.7,
29803.7,
29813.7,
29823.7,
29833.7,
29843.7,
29853.7,
29863.7,
29873.7,
29883.7,
29893.7,
29903.7,
29913.7,
29923.7,
29933.7,
29943.7,
29953.7,
29963.7,
29973.7,
29983.7,
29993.7,
30003.7,
30013.7,
30023.7,
30032.8,
30042.9,
30052.9,
30062.9,
30072.9,
30082.9,
30092.9,
30102.9,
30112.9,
30122.9,
30132.9,
30142.9,
30152.9,
30162.9,
30172.9,
30182.9,
30192.9,
30202.9,
30212.9,
30222.9,
30232.9,
30242.8,
30252.8,
30262.8,
30272.8,
30282.8,
30292.7,
30302.8,
30312.9,
30322.9,
30332.9,
30342.9,
30352.9,
30362.8,
30373.8,
30383.7,
30393.7,
30403.7,
30413.7,
30423.7,
30433.7,
30443.7,
30453.7,
30463.7,
30473.7,
30483.7,
30493.7,
30503.7,
30513.7,
30523.7,
30533.7,
30543.7,
30553.7,
30563.7,
30573.7,
30583.7,
30593.7,
30603.7,
30613.7,
30623.7,
30633.7,
30642.8,
30652.9,
30662.9,
30672.8,
30682.8,
30692.9,
30702.9,
30712.9,
30722.8,
30732.8,
30742.8,
30752.8,
30762.9,
30772.9,
30782.9,
30792.8,
30802.8,
30812.8,
30822.9,
30832.9,
30842.8,
30852.8,
30862.8,
30872.8,
30883.7,
30893.7,
30903.7,
30913.7,
30923.7,
30933.7,
30943.7,
30953.7,
30963.7,
30973.7,
30983.7,
30993.7,
31003.7,
31013.7,
31023.7,
31033.7,
31043.7,
31053.7,
31063.7,
31073.7,
31083.7,
31093.7,
31103.7,
31113.7,
31123.7,
31133.7,
31143.7,
31153.7,
31163.7,
31173.7,
31183.7,
31193.7,
31203.7,
31213.7,
31223.7,
31233.7,
31243.7,
31253.7,
31263.7,
31273.7,
31283.7,
31293.7,
31303.7,
31313.7,
31323.7,
31333.7,
31343.7,
31353.7,
31363.7,
31373.7,
31383.7,
31393.7,
31403.8,
31412.8,
31422.9,
31432.9,
31442.9,
31453,
31463,
31472.8,
31482.8,
31492.9,
31502.9,
31512.9,
31522.9,
31532.9,
31543,
31552.9,
31562.8,
31572.9,
31582.8,
31592.8,
31602.7,
31612.8,
31622.8,
31632.9,
31642.9,
31652.9,
31662.8,
31672.8,
31683.7,
31693.7,
31703.7,
31713.7,
31723.7,
31733.7,
31743.7,
31753.7,
31763.7,
31773.7,
31783.7,
31793.7,
31803.7,
31813.7,
31823.7,
31833.7,
31842.8,
31852.8,
31862.8,
31872.8,
31882.8,
31892.8,
31902.8,
31912.8,
31922.8,
31932.8,
31942.8,
31952.8,
31962.8,
31972.8,
31983.7,
31993.7,
32003.7,
32013.7,
32023.7,
32033.7,
32043.7,
32053.7,
32063.7,
32073.7,
32083.7,
32093.7,
32103.7,
32113.7,
32123.7,
32133.7,
32143.7,
32153.7,
32163.7,
32173.7,
32183.7,
32193.7,
32203.7,
32213.7,
32223.7,
32232.8,
32242.9,
32252.9,
32262.9,
32272.9,
32282.9,
32292.9,
32302.9,
32312.9,
32322.9,
32332.9,
32342.9,
32352.9,
32362.9,
32372.9,
32382.8,
32392.8,
32402.9,
32412.9,
32422.9,
32432.8,
32442.8,
32452.9,
32462.9,
32472.9,
32482.9,
32492.8,
32502.8,
32512.8,
32522.8,
32532.8,
32542.8,
32552.8,
32562.8,
32573.7,
32583.7,
32593.7,
32603.7,
32613.7,
32623.7,
32633.7,
32643.7,
32653.7,
32663.7,
32673.7,
32683.7,
32693.7,
32703.7,
32713.7,
32723.7,
32733.7,
32743.7,
32753.7,
32763.7,
32773.7,
32783.7,
32793.7,
32803.7,
32813.7,
32823.7,
32833.7,
32843.7,
32853.7,
32863.7,
32873.7,
32882.8,
32892.8,
32902.8,
32912.9,
32922.8,
32932.9,
32942.9,
32952.8,
32962.9,
32972.9,
32982.9,
32992.9,
33002.8,
33012.9,
33022.9,
33032.9,
33042.9,
33052.9,
33062.9,
33072.9,
33082.9,
33092.9,
33102.9,
33112.9,
33122.9,
33132.9,
33142.9,
33152.8,
33162.9,
33172.8,
33182.8,
33192.9,
33202.8,
33212.8,
33223.7,
33233.7,
33243.7,
33253.7,
33263.7,
33273.7,
33283.7,
33293.7,
33303.7,
33313.7,
33323.7,
33333.7,
33343.7,
33353.7,
33363.7,
33373.7,
33383.7,
33393.7,
33403.7,
33413.7,
33423.7,
33433.7,
33443.7,
33453.7,
33463.7,
33473.7,
33483.7,
33493.7,
33503.7,
33513.7,
33523.7,
33533.7,
33543.7,
33553.7,
33563.7,
33573.7,
33583.7,
33593.7,
33603.7,
33613.7,
33623.7,
33632.8,
33642.8,
33652.8,
33662.8,
33672.9,
33682.9,
33692.9,
33702.9,
33712.9,
33722.8,
33732.9,
33742.8,
33752.9,
33762.8,
33772.8,
33782.9,
33792.9,
33802.9,
33812.9,
33822.9,
33832.9,
33842.9,
33852.9,
33862.9,
33872.9,
33882.9,
33892.9,
33902.9,
33912.9,
33922.9,
33932.9,
33942.8,
33952.8,
33963.7,
33973.7,
33983.7,
33993.7,
34003.7,
34013.7,
34023.7,
34033.7,
34043.7,
34053.7,
34063.7,
34073.7,
34083.7,
34093.7,
34103.7,
34113.7,
34123.7,
34133.7,
34143.7,
34153.7,
34163.7,
34173.7,
34183.7,
34193.7,
34203.7,
34213.7,
34223.7,
34233.7,
34243.7,
34253.7,
34263.7,
34273.7,
34283.7,
34293.7,
34303.7,
34313.7,
34323.7,
34333.7,
34343.7,
34352.8,
34362.8,
34372.9,
34382.9,
34392.9,
34403,
34412.9,
34422.8,
34432.8,
34442.9,
34452.9,
34462.9,
34472.9,
34482.8,
34492.8,
34502.9,
34512.9,
34522.9,
34532.9,
34542.8,
34552.8,
34562.8,
34572.8,
34583.7,
34593.7,
34603.7,
34613.7,
34623.7,
34633.7,
34643.7,
34653.7,
34663.7,
34673.7,
34683.7,
34693.7,
34703.7,
34713.7,
34723.7,
34733.7,
34743.7,
34753.7,
34763.7,
34773.7,
34783.7,
34793.7,
34803.7,
34813.7,
34823.7,
34833.7,
34843.7,
34853.7,
34862.7,
34872.8,
34882.9,
34892.9,
34902.9,
34912.9,
34922.9,
34932.9,
34942.8,
34952.8,
34962.9,
34972.9,
34983,
34992.9,
35002.9,
35012.9,
35022.9,
35032.9,
35042.9,
35052.9,
35062.9,
35072.9,
35082.9,
35092.9,
35102.9,
35112.9,
35122.8,
35132.9,
35142.9,
35152.9,
35162.9,
35172.9,
35182.9,
35192.9,
35202.9,
35212.8,
35222.8,
35232.9,
35242.9,
35252.8,
35262.9,
35272.9,
35282.8,
35292.8,
35302.9,
35312.9,
35322.9,
35332.9,
35342.9,
35352.9,
35362.9,
35372.9,
35382.9,
35392.9,
35402.9,
35412.9,
35422.9,
35432.9,
35442.9,
35452.9,
35462.8,
35472.8,
35482.8,
35492.8,
35503.7,
35513.7,
35523.7,
35533.7,
35543.7,
35553.7,
35563.7,
35573.7,
35583.7,
35593.7,
35603.7,
35613.7,
35623.7,
35633.7,
35643.7,
35653.7,
35663.7,
35673.7,
35683.7,
35693.7,
35703.7,
35713.7,
35723.7,
35733.7,
35743.7,
35753.7,
35763.7,
35773.7,
35783.7,
35793.7,
35803.7,
35813.7,
35823.7,
35833.7,
35843.7,
35853.7,
35863.7,
35873.7,
35883.7,
35893.7,
35903.7,
35913.7,
35923.7,
35933.7,
35943.7,
35953.8,
35962.8,
35972.8,
35982.8,
35992.9,
36002.9,
36012.9,
36022.9,
36032.9,
36042.9,
36052.8,
36062.8,
36072.9,
36082.8,
36092.8,
36102.8,
36112.8,
36122.9,
36132.8,
36142.8,
36152.8,
36162.8,
36172.8,
36182.8,
36192.8,
36202.9,
36212.8,
36222.8,
36232.9,
36242.9,
36252.9,
36262.9,
36272.9,
36282.9,
36292.9,
36302.9,
36312.8,
36322.8,
36332.9,
36342.8,
36352.8,
36362.8,
36372.8,
36382.8,
36393.7,
36403.7,
36413.7,
36423.7,
36433.7,
36443.7,
36453.7,
36463.7,
36473.7,
36483.7,
36493.7,
36503.7,
36513.7,
36523.7,
36533.7,
36543.7,
36553.7,
36563.7,
36573.7,
36583.7,
36593.7,
36603.7,
36613.7,
36623.7,
36633.7,
36643.7,
36653.7,
36663.7,
36673.7,
36683.7,
36693.7,
36703.7,
36713.7,
36723.7,
36733.7,
36743.7,
36753.7,
36763.7,
36773.7,
36783.7,
36793.7,
36802.8,
36812.9,
36822.9,
36832.9,
36842.9,
36852.8,
36862.9,
36872.9,
36882.9,
36892.9,
36902.9,
36912.9,
36922.9,
36932.9,
36942.9,
36952.8,
36962.9,
36972.9,
36982.9,
36993,
37002.9,
37012.9,
37022.9,
37032.9,
37042.9,
37052.9,
37062.9,
37072.8,
37083.7,
37092.8,
37102.8,
37112.8,
37122.8,
37132.8,
37142.7,
37153.7,
37163.7,
37173.7,
37183.7,
37193.7,
37203.7,
37213.7,
37223.7,
37233.7,
37243.7,
37253.7,
37263.7,
37273.7,
37283.7,
37293.7,
37303.7,
37313.7,
37323.7,
37333.7,
37343.7,
37353.7,
37363.7,
37373.7,
37383.7,
37393.7,
37403.7,
37413.7,
37423.7,
37433.7,
37443.7,
37453.7,
37463.7,
37473.7,
37483.7,
37493.7,
37503.7,
37513.7,
37523.7,
37533.7,
37543.7,
37553.7,
37563.7,
37573.7,
37583.7,
37592.8,
37602.9,
37612.9,
37622.9,
37632.9,
37642.9,
37652.9,
37662.9,
37672.9,
37682.9,
37692.9,
37702.9,
37712.9,
37722.9,
37732.9,
37742.9,
37752.9,
37762.9,
37772.9,
37782.9,
37792.9,
37802.9,
37812.9,
37822.9,
37832.9,
37842.9,
37852.9,
37863,
37872.9,
37882.9,
37892.8,
37902.9,
37912.9,
37922.9,
37932.9,
37942.9,
37952.9,
37962.9,
37972.9,
37982.8,
37992.9,
38002.9,
38012.8,
38023.7,
38033.7,
38043.7,
38053.7,
38063.7,
38073.7,
38083.7,
38093.7,
38103.7,
38113.7,
38123.7,
38133.7,
38143.7,
38153.7,
38163.7,
38173.7,
38183.7,
38192.8,
38203.7,
38212.9,
38222.8,
38233.7,
38243.7,
38252.8,
38262.9,
38272.8,
38282.8,
38292.9,
38302.8,
38313,
38322.8,
38332.8,
38342.9,
38352.8,
38362.9,
38373.8,
38383.7,
38393.7,
38403.7,
38413.7,
38423.7,
38433.7,
38442.8,
38452.8,
38462.8,
38472.8,
38482.7,
38492.8,
38502.9,
38513,
38522.9,
